{
  "project_info": {
    "project_number": "34168615471",
    "firebase_url": "https://payment-b76ff.firebaseio.com",
    "project_id": "payment-b76ff",
    "storage_bucket": "payment-b76ff.appspot.com"
  },
  "client": [
    {
      "client_info": {
        "mobilesdk_app_id": "1:34168615471:android:d4a49861e2297357",
        "android_client_info": {
          "package_name": "com.example.cressence.payment"
        }
      },
      "oauth_client": [
        {
          "client_id": "34168615471-nmmg644klqhi4ogq6ea3j86hndcve6qs.apps.googleusercontent.com",
          "client_type": 3
        }
      ],
      "api_key": [
        {
          "current_key": "AIzaSyDOZOJrArPaU13eItnRNg5gpB5tbvEannQ"
        }
      ],
      "services": {
        "appinvite_service": {
          "other_platform_oauth_client": [
            {
              "client_id": "34168615471-nmmg644klqhi4ogq6ea3j86hndcve6qs.apps.googleusercontent.com",
              "client_type": 3
            }
          ]
        }
      }
    }
  ],
  "configuration_version": "1"
}